Id,Title,Handle,Published_date,Created_date,Product_Type,Sku,Price,Available,Grams,Image
7130331086910,The Wilson Brown,the-wilson-brown,2023-02-21T09:01:21-06:00,2023-01-18T13:45:45-06:00,Shoes,HB4205016,245.00,True,1814,https://cdn.shopify.com/s/files/1/0048/2912/products/helm-shoes-the-wilson-brown-29948855517246.jpg?v=1674071514
7130129170494,The Hynes Whiskey,the-hynes-whiskey,2023-01-24T07:43:45-06:00,2023-01-17T12:53:18-06:00,Boots,HB9030016,250.00,True,1814,https://cdn.shopify.com/s/files/1/0048/2912/products/helm-boots-the-hynes-whiskey-29946557005886.jpg?v=1673982771
7122957860926,HELM Socks - Natural + Tan,copy-of-helm-socks-navy-marine,2023-01-18T11:01:37-06:00,2022-12-19T14:02:26-06:00,Socks,HB2LG-F,15.00,True,340,https://cdn.shopify.com/s/files/1/0048/2912/products/helm-socks-helm-socks-natural-tan-29948593242174.jpg?v=1674062146
4807384531006,The Knox Tobacco,the-knox-tobacco,2023-01-09T08:35:15-06:00,2021-02-01T13:57:57-06:00,Sneakers,HB3203015,140.00,False,1814,https://cdn.shopify.com/s/files/1/0048/2912/products/helm-sneakers-the-knox-tobacco-28555434524734.jpg?v=1628018164
6883465134142,HELM Striped Socks - 3 Pack,helm-striped-socks-3-pack,2022-12-20T15:36:56-06:00,2022-03-08T14:39:03-06:00,Socks,HB4LG-Q,40.00,True,170,https://cdn.shopify.com/s/files/1/0048/2912/products/helm-socks-helm-striped-socks-3-pack-29157153833022.jpg?v=1646847037
6883461496894,HELM Marled Socks - 3 Pack,helm-marled-socks-3-pack,2022-12-20T15:36:38-06:00,2022-03-08T14:33:14-06:00,Socks,HB4LG-P,40.00,True,170,https://cdn.shopify.com/s/files/1/0048/2912/products/helm-socks-helm-marled-socks-3-pack-29157153013822.jpg?v=1646847034
7122958090302,HELM Cabin Socks - Black + Grey,helm-cabin-socks-black-grey,2022-12-20T15:34:42-06:00,2022-12-19T14:06:36-06:00,Socks,HB5LG-C,15.00,True,340,https://cdn.shopify.com/s/files/1/0048/2912/products/helm-socks-helm-cabin-socks-black-grey-29948610609214.jpg?v=1674062140
7122958057534,HELM Cabin Socks - Blue + Navy,helm-cabin-socks-blue-grey,2022-12-20T15:34:41-06:00,2022-12-19T14:05:39-06:00,Socks,HB5LG-B,15.00,True,340,https://cdn.shopify.com/s/files/1/0048/2912/products/helm-socks-helm-cabin-socks-blue-navy-29948613656638.jpg?v=1674062315
7122957991998,HELM Cabin Socks - Grey + Red,copy-of-helm-marled-socks-grey-1,2022-12-20T15:34:39-06:00,2022-12-19T14:04:10-06:00,Socks,HB5LG-A,15.00,True,340,https://cdn.shopify.com/s/files/1/0048/2912/products/helm-socks-helm-cabin-socks-grey-red-29948618014782.jpg?v=1674062495
7122957729854,HELM Marled Socks - Rust,copy-of-helm-marled-socks-grey,2022-12-20T15:33:58-06:00,2022-12-19T14:00:15-06:00,Socks,HB3LG-F,15.00,True,340,https://cdn.shopify.com/s/files/1/0048/2912/products/helm-socks-helm-marled-socks-rust-29948607135806.jpg?v=1674062136
1424746479678,HELM Travel Care Kit,helm-boot-care-kit-mini,2022-12-06T15:09:35-06:00,2018-08-28T12:11:42-05:00,Boot Care,NEWHLBOX_2022,15.00,True,454,https://cdn.shopify.com/s/files/1/0048/2912/products/helm-boot-care-helm-travel-care-kit-29872874782782.png?v=1670360974
7114965483582,The Finn Sienna,the-finn-sienna,2022-12-06T14:07:27-06:00,2022-11-18T12:09:52-06:00,Boots,HBB623016,265.00,False,2268,https://cdn.shopify.com/s/files/1/0048/2912/products/helm-boots-the-finn-sienna-29865104310334.png?v=1670351519
7114965450814,The Finn Brown,the-finn-brown,2022-12-06T14:07:24-06:00,2022-11-18T12:09:21-06:00,Boots,HBB622016,265.00,True,2268,https://cdn.shopify.com/s/files/1/0048/2912/products/helm-boots-the-finn-brown-29872768417854.png?v=1670351978
7114965352510,The Finn Black,the-finn-black,2022-12-06T14:07:21-06:00,2022-11-18T12:08:49-06:00,Boots,HBB621016,265.00,True,2268,https://cdn.shopify.com/s/files/1/0048/2912/products/helm-boots-the-finn-black-29872768352318.png?v=1670351976
6835424231486,The Emmett Whiskey,emmett-whiskey-1,2022-11-30T11:10:53-06:00,2022-01-20T15:49:13-06:00,Shoes,EMM16RWHY,225.00,True,1089,https://cdn.shopify.com/s/files/1/0048/2912/products/hilos-shoes-the-emmett-whiskey-29064236105790.jpg?v=1642798295
6824266006590,The Emmett Black,emmett-black-1,2022-11-30T11:10:23-06:00,2022-01-13T10:29:04-06:00,Shoes,EMM16RBLK,225.00,True,1089,https://cdn.shopify.com/s/files/1/0048/2912/products/hilos-shoes-the-emmett-black-29064209268798.jpg?v=1642797587
8630016402,HELM Boot Care Kit,helm-boot-care-kit,2022-11-21T11:47:16-06:00,2016-12-21T13:17:11-06:00,Boot Care,HLMKIT_004,65.00,False,907,https://cdn.shopify.com/s/files/1/0048/2912/products/helm-boot-care-helm-boot-care-kit-28561827725374.jpg?v=1628014004
7113517400126,HELM Boots T-Shirts,helm-boots-t-shirts,2022-11-17T13:14:20-06:00,2022-11-11T12:29:55-06:00,T-Shirt,HLMBTS_NATX,30.00,True,340,https://cdn.shopify.com/s/files/1/0048/2912/products/helm-t-shirt-helm-boots-t-shirts-29855349604414.jpg?v=1669652314
6831975432254,The Xander Whiskey,the-xander-whiskey,2022-10-30T10:36:25-05:00,2022-01-19T13:14:15-06:00,Sneakers,HB8205015,120.00,True,1361,https://cdn.shopify.com/s/files/1/0048/2912/products/helm-sneakers-the-xander-whiskey-29667826794558.png?v=1663270414
7110407716926,Laces,laces-1,2022-10-26T14:30:40-05:00,2022-10-26T12:29:14-05:00,Laces,ZTEK57,10.00,True,11,https://cdn.shopify.com/s/files/1/0048/2912/products/helm-boots-laces-29779242582078.jpg?v=1666808858
7031645044798,The Xander Olive,the-xander-olive,2022-10-22T09:24:41-05:00,2022-07-26T14:11:27-05:00,Sneakers,HB8208015,120.00,True,1361,https://cdn.shopify.com/s/files/1/0048/2912/products/helm-sneakers-the-xander-olive-29667814539326.png?v=1663269883
163735329,HELM Shop Rag,helmcloth,2022-10-13T10:19:13-05:00,2013-10-09T15:28:44-05:00,Accessories,10284,5.00,True,57,https://cdn.shopify.com/s/files/1/0048/2912/products/helm-accessories-indigo-helm-shop-rag-28555588272190.jpg?v=1628016172
7031686856766,The Zind Burgundy,the-zind-burgundy,2022-10-10T13:32:05-05:00,2022-07-26T15:25:21-05:00,Boots,HBB405016,295.00,False,1814,https://cdn.shopify.com/s/files/1/0048/2912/products/helm-boots-the-zind-burgundy-29629143711806.jpg?v=1662055880
1984664535102,Otter Wax Suede Cleaner,otter-wax-suede-cleaner,2022-10-05T13:11:18-05:00,2019-01-04T13:42:37-06:00,Boot Care,724131462789,10.00,True,142,https://cdn.shopify.com/s/files/1/0048/2912/products/otter-wax-boot-care-otter-wax-suede-cleaner-28556965445694.jpg?v=1627993491
7031634001982,The Wilson Burgundy,the-wilson-burgundy,2022-09-14T12:03:40-05:00,2022-07-26T13:50:10-05:00,Shoes,HB4204016,245.00,True,1814,https://cdn.shopify.com/s/files/1/0048/2912/products/helm-shoes-the-wilson-burgundy-29627003764798.jpg?v=1663170642
6992903274558,The Charlie Navy,the-charlie-navy,2022-08-01T15:41:19-05:00,2022-06-13T13:43:50-05:00,Sneakers,HBB809015,149.00,False,1814,https://cdn.shopify.com/s/files/1/0048/2912/products/helm-sneakers-the-charlie-navy-29447945715774.png?v=1657223483
6992922673214,The Hynes Brown,the-hynes-brown,2022-08-01T15:35:25-05:00,2022-06-13T14:15:58-05:00,Boots,HB9020016,250.00,True,1814,https://cdn.shopify.com/s/files/1/0048/2912/products/helm-boots-the-hynes-brown-29428521533502.png?v=1656433660
6992921493566,The Hynes Black,the-hynes-black,2022-08-01T15:28:20-05:00,2022-06-13T14:14:55-05:00,Boots,HB9010016,250.00,True,1814,https://cdn.shopify.com/s/files/1/0048/2912/products/helm-boots-the-hynes-black-29454774370366.png?v=1657218651
6842240303166,The Hollis Olive,the-hollis-olive,2022-05-09T10:10:02-05:00,2022-01-25T12:50:41-06:00,Boots,HBB1028016,295.00,True,1814,https://cdn.shopify.com/s/files/1/0048/2912/products/helm-boots-the-hollis-olive-29270120923198.jpg?v=1650910895
6899771506750,The Xander Wheat,the-xander-wheat,2022-05-09T10:09:09-05:00,2022-03-24T12:40:00-05:00,Sneakers,HB8206013,175.00,True,1361,https://cdn.shopify.com/s/files/1/0048/2912/products/helm-sneakers-the-xander-wheat-29270113058878.jpg?v=1650910354
6896528130110,High Shine Wax Polish by Pure Polish,high-shine-wax-polish-by-pure-polish,2022-04-05T12:39:14-05:00,2022-03-21T14:08:06-05:00,Boot Care,3PHSPP2,15.00,True,57,https://cdn.shopify.com/s/files/1/0048/2912/products/pure-polish-boot-care-high-shine-wax-polish-by-pure-polish-29204679884862.jpg?v=1648753775
6896529834046,Cream Polish by Pure Polish,cream-polish-by-pure-polish,2022-04-05T12:38:14-05:00,2022-03-21T14:10:26-05:00,Boot Care,3PFGCP2,15.00,True,57,https://cdn.shopify.com/s/files/1/0048/2912/products/pure-polish-boot-care-forest-green-cream-polish-by-pure-polish-29204084588606.jpg?v=1648742082
5805066821,Blackrock Leather 'n Rich,blackrock-leather-n-rich,2022-02-16T14:10:38-06:00,2016-06-20T14:39:52-05:00,Boot Care,BLCKRK001,10.00,True,113,https://cdn.shopify.com/s/files/1/0048/2912/products/helm-boots-boot-care-blackrock-leather-n-rich-28556170559550.jpg?v=1628012767
6737374117950,The Wilson Black,the-wilson-black,2021-12-15T15:57:10-06:00,2021-10-26T14:55:54-05:00,Shoes,HB4201016,245.00,True,1361,https://cdn.shopify.com/s/files/1/0048/2912/products/helm-the-wilson-black-28957022781502.png?v=1638980333
6735085535294,The Xander Brown,the-xander-brown,2021-11-23T16:16:28-06:00,2021-10-25T14:36:49-05:00,Sneakers,HB8202015,175.00,True,907,https://cdn.shopify.com/s/files/1/0048/2912/products/helm-sneakers-the-xander-brown-28913711939646.jpg?v=1637682879
6735057518654,The Xander Bone,the-xander-bone,2021-11-23T16:16:27-06:00,2021-10-25T14:15:50-05:00,Sneakers,HB8203015,175.00,True,1361,https://cdn.shopify.com/s/files/1/0048/2912/products/helm-sneakers-the-xander-bone-28913692573758.jpg?v=1637682356
6735042674750,The Xander Black,the-xander-black,2021-11-23T16:16:27-06:00,2021-10-25T14:03:00-05:00,Sneakers,HB8201015,175.00,True,1361,https://cdn.shopify.com/s/files/1/0048/2912/products/helm-sneakers-the-xander-black-28913696047166.jpg?v=1637682697
4088059723838,HELM Socks - Black+Grey,helm-socks-black-anthricite,2021-08-26T15:15:30-05:00,2019-09-18T14:00:45-05:00,Socks,HB2LG-D,15.00,True,340,https://cdn.shopify.com/s/files/1/0048/2912/products/helm-socks-helm-socks-black-grey-12867148644414.jpg?v=1571417745
4088052875326,HELM Marled Socks - Indigo,helm-marled-socks-indigo,2021-08-26T15:13:02-05:00,2019-09-18T13:54:39-05:00,Socks,HB3LG-A,15.00,True,340,https://cdn.shopify.com/s/files/1/0048/2912/products/helm-socks-helm-marled-socks-indigo-12867142746174.jpg?v=1570026691
4809641361470,The Wilson Tan,the-wilson-tan,2021-07-12T13:02:59-05:00,2021-02-05T14:06:38-06:00,Shoes,HB4203016,245.00,True,1814,https://cdn.shopify.com/s/files/1/0048/2912/products/helm-shoes-the-wilson-tan-28552749219902.jpg?v=1628094107
4809635102782,The Wilson Teak,the-wilson-teak,2021-07-12T13:02:58-05:00,2021-02-05T13:58:53-06:00,Shoes,HB4202016,245.00,True,1814,https://cdn.shopify.com/s/files/1/0048/2912/products/helm-shoes-the-wilson-teak-28521113976894.jpg?v=1628092663
1424742744126,Shoe Keeper - Suede Protector Spray,shoe-keeper-suede-protector-spray,2021-06-01T12:11:43-05:00,2018-08-28T12:04:36-05:00,Boot Care,SHKPR_001,12.00,True,170,https://cdn.shopify.com/s/files/1/0048/2912/products/helm-boots-boot-care-shoe-keeper-suede-protector-spray-15114742693950.jpg?v=1591050400
4686457700414,The Charlie Onyx,the-charlie-onyx,2021-04-23T12:24:13-05:00,2020-08-05T15:40:16-05:00,Boots,HBB808015,149.00,False,1361,https://cdn.shopify.com/s/files/1/0048/2912/products/helm-boots-the-charlie-onyx-28553240674366.jpg?v=1628085834
4518642909246,The Charlie Tan,charlie-tan,2021-03-10T16:27:50-06:00,2020-05-07T12:46:40-05:00,Sneakers,HBB805015,149.00,False,1814,https://cdn.shopify.com/s/files/1/0048/2912/products/helm-sneakers-the-charlie-tan-28556062818366.jpg?v=1628013824
4478457544766,The Charlie Black,charlie-black,2021-03-10T16:27:22-06:00,2020-04-09T14:08:58-05:00,Sneakers,HBB801015,149.00,False,1814,https://cdn.shopify.com/s/files/1/0048/2912/products/helm-sneakers-the-charlie-black-28554815111230.jpg?v=1628103822
4761755844670,HELM Logo Cap - Black,helm-logo-cap-black,2020-11-13T13:50:03-06:00,2020-11-13T13:44:02-06:00,Accessories,HLMBLY_003,35.00,True,454,https://cdn.shopify.com/s/files/1/0048/2912/products/helm-boots-accessories-helm-logo-cap-black-16591666118718.jpg?v=1605296841
4761756893246,HELM Logo Cap - Charcoal,helm-logo-cap-charcoal,2020-11-13T13:49:40-06:00,2020-11-13T13:48:14-06:00,Accessories,HLMBLY_004,35.00,True,454,https://cdn.shopify.com/s/files/1/0048/2912/products/helm-boots-accessories-helm-logo-cap-charcoal-28555347361854.jpg?v=1628024631
1952466501694,HELM Logo Cap - Navy,helm-logo-cap-navy,2020-10-14T10:28:19-05:00,2018-11-19T08:38:28-06:00,Accessories,HLMBLY_002,35.00,True,454,https://cdn.shopify.com/s/files/1/0048/2912/products/helm-boots-accessories-helm-logo-cap-navy-28551639760958.jpg?v=1628090149
4594934677566,The Charlie Rockford,charlie-rockford,2020-10-13T17:22:19-05:00,2020-06-15T15:48:10-05:00,Sneakers,HBB804015,149.00,False,1814,https://cdn.shopify.com/s/files/1/0048/2912/products/helm-sneakers-the-charlie-rockford-28555477155902.jpg?v=1628020866
4594927730750,The Charlie Chocolate,charlie-chocolate,2020-10-13T17:22:16-05:00,2020-06-15T15:38:46-05:00,Sneakers,HBB807015,149.00,False,1814,https://cdn.shopify.com/s/files/1/0048/2912/products/helm-sneakers-the-charlie-chocolate-28562451628094.jpg?v=1628025876
4518457638974,The Charlie Wheat,charlie-wheat,2020-08-12T18:35:55-05:00,2020-05-07T10:10:45-05:00,Sneakers,HBB803015,149.00,False,1814,https://cdn.shopify.com/s/files/1/0048/2912/products/helm-sneakers-the-charlie-wheat-28552809676862.jpg?v=1628094461
4495219753022,Silver Buckle Slim Belts,silver-buckle-slim-belts,2020-07-03T13:02:59-05:00,2020-04-20T15:39:53-05:00,Accessories,34-46,98.00,True,454,https://cdn.shopify.com/s/files/1/0048/2912/products/helm-accessories-30-teak-silver-buckle-slim-belts-28567778426942.jpg?v=1628132987
1924646142014,Otter Wax - Tampico Suede Brush,otter-wax-tampico-suede-brush,2020-06-02T11:13:49-05:00,2018-11-14T15:32:53-06:00,Accessories,OTWX_BRSH,5.00,True,85,https://cdn.shopify.com/s/files/1/0048/2912/products/helm-boots-accessories-otter-wax-tampico-suede-brush-15136315473982.jpg?v=1591196806
4465102192702,Brass Buckle Wide Belts,copy-of-silver-buckle-belts,2020-04-02T18:25:49-05:00,2020-03-19T12:44:52-05:00,Accessories,30 - 46,98.00,True,454,https://cdn.shopify.com/s/files/1/0048/2912/products/helm-accessories-30-olive-brass-buckle-wide-belts-28560700637246.jpg?v=1628023719
4465096982590,Silver Buckle Wide Belts,silver-buckle-belts,2020-04-02T18:25:45-05:00,2020-03-19T12:38:33-05:00,Accessories,29 - 46,98.00,True,454,https://cdn.shopify.com/s/files/1/0048/2912/products/helm-accessories-30-olive-silver-buckle-wide-belts-28565249720382.jpg?v=1628131009
4462956740670,HELM + Bridge & Burn Black T-Shirt,helm-bridge-burn-black-t-shirt,2020-04-02T18:24:40-05:00,2020-03-17T13:39:44-05:00,Shirts,HLBB20022XL,28.00,False,340,https://cdn.shopify.com/s/files/1/0048/2912/products/helm-shirts-helm-bridge-burn-black-t-shirt-14426728955966.jpg?v=1585768995
4462956314686,HELM + Bridge & Burn Natural T-Shirt,helm-bridge-burn-natural-t-shirt,2020-04-02T18:24:40-05:00,2020-03-17T13:38:34-05:00,Shirts,HLBB20012XL,28.00,True,340,https://cdn.shopify.com/s/files/1/0048/2912/products/helm-shirts-helm-bridge-burn-natural-t-shirt-14426732527678.jpg?v=1585769114
4088059068478,HELM Socks - Steel+Dark Grey,helm-socks-anthricite-zinc,2019-09-30T15:06:45-05:00,2019-09-18T14:00:06-05:00,Socks,HB2LG-C,15.00,True,340,https://cdn.shopify.com/s/files/1/0048/2912/products/helm-socks-helm-socks-steel-dark-grey-28554948739134.jpg?v=1628109963
4088057593918,HELM Socks - Navy+Marine,helm-socks-marine-blue,2019-09-30T15:06:45-05:00,2019-09-18T13:58:03-05:00,Socks,HB2LG-A,15.00,True,340,https://cdn.shopify.com/s/files/1/0048/2912/products/helm-socks-helm-socks-navy-marine-28565937586238.jpg?v=1628093206
4088055398462,HELM Marled Socks - Grey,helm-marled-socks-anthricite,2019-09-30T15:06:45-05:00,2019-09-18T13:56:17-05:00,Socks,HB3LG-C,15.00,True,340,https://cdn.shopify.com/s/files/1/0048/2912/products/helm-socks-helm-marled-socks-grey-28556456689726.jpg?v=1627993489
4088056512574,HELM Marled Socks - Charcoal,helm-marled-socks-black,2019-09-30T15:01:38-05:00,2019-09-18T13:57:00-05:00,Socks,HB3LG-D,15.00,True,340,https://cdn.shopify.com/s/files/1/0048/2912/products/helm-socks-helm-marled-socks-charcoal-12867126820926.jpg?v=1570026528
2153780084798,The Hollis Teak,hollis-teak,2019-09-16T17:19:47-05:00,2019-05-13T14:18:19-05:00,Boots,HBB503115E,295.00,True,1814,https://cdn.shopify.com/s/files/1/0048/2912/products/helm-boots-the-hollis-teak-29084721872958.jpg?v=1669822341
2153773465662,The Hollis Brown,hollis-brown,2019-09-16T17:19:47-05:00,2019-05-13T14:10:19-05:00,Boots,HBB502115E,295.00,True,1814,https://cdn.shopify.com/s/files/1/0048/2912/products/helm-boots-the-hollis-brown-28555138727998.jpg?v=1628071954
2153767895102,The Hollis Black,hollis-black,2019-09-16T17:19:47-05:00,2019-05-13T14:01:52-05:00,Boots,HBB501115E,295.00,True,1814,https://cdn.shopify.com/s/files/1/0048/2912/products/helm-boots-the-hollis-black-28555571429438.jpg?v=1628016893
2109984702526,The Lou Teak,lou-teak,2019-05-20T20:17:21-05:00,2019-04-10T14:12:27-05:00,Boots,HBB205115E,265.00,True,1588,https://cdn.shopify.com/s/files/1/0048/2912/products/helm-boots-the-lou-teak-28554989469758.jpg?v=1628077003
2108728574014,The Bradley Teak,bradley-teak,2019-05-20T20:16:21-05:00,2019-04-09T15:15:33-05:00,Shoes,HBB303115E,245.00,False,1361,https://cdn.shopify.com/s/files/1/0048/2912/products/helm-shoes-the-bradley-teak-28547223158846.jpg?v=1628091587
8916542418,The Zind Natural,zind-natural,2019-04-29T09:48:15-05:00,2017-02-23T14:21:05-06:00,Boots,H005822007E,249.00,True,1814,https://cdn.shopify.com/s/files/1/0048/2912/products/helm-boots-the-zind-natural-28551949877310.jpg?v=1628092665
531291242558,The Zind Teak,zind-teak,2019-02-25T15:47:36-06:00,2018-03-05T12:35:20-06:00,Boots,H005804007E,295.00,True,1814,https://cdn.shopify.com/s/files/1/0048/2912/products/helm-boots-the-zind-teak-28552849948734.jpg?v=1628102758
1478410436670,The Zind Brown,zind-brown,2019-02-01T13:21:24-06:00,2018-10-01T12:52:30-05:00,Boots,HBB402115E,295.00,True,1814,https://cdn.shopify.com/s/files/1/0048/2912/products/helm-boots-the-zind-brown-28535755898942.jpg?v=1628010604
1478388318270,The Zind Black,zind-black,2019-02-01T13:19:59-06:00,2018-10-01T12:11:26-05:00,Boots,HBB401115E,295.00,True,1814,https://cdn.shopify.com/s/files/1/0048/2912/products/helm-boots-the-zind-black-6031276441662.jpg?v=1628099147
1478423019582,The Bradley Brown,bradley-brown,2019-02-01T13:16:02-06:00,2018-10-01T13:16:30-05:00,Shoes,HBB302115E,245.00,True,1361,https://cdn.shopify.com/s/files/1/0048/2912/products/helm-shoes-the-bradley-brown-28527241494590.jpg?v=1628019070
1478418169918,The Bradley Black,bradley-black,2019-02-01T13:15:29-06:00,2018-10-01T13:07:05-05:00,Shoes,HBB301115E,245.00,True,1361,https://cdn.shopify.com/s/files/1/0048/2912/products/helm-shoes-the-bradley-black-28553518055486.jpg?v=1628024452
148244103186,HELM ATX Cap in Gray,helm-atx-cap-gray,2018-11-06T13:06:57-06:00,2018-01-22T13:40:17-06:00,Accessories,ATXBLY_002,35.00,True,454,https://cdn.shopify.com/s/files/1/0048/2912/products/helm-accessories-helm-atx-cap-in-gray-4151168598078.jpg?v=1541613974
1447160381502,HELM Shoe Tree,helm-shoe-tree,2018-11-06T10:41:33-06:00,2018-09-18T11:31:23-05:00,Boot Care,HLMTREE_60014,38.00,True,454,https://cdn.shopify.com/s/files/1/0048/2912/products/helm-boots-boot-care-helm-shoe-tree-28555184996414.jpg?v=1628024628
1453239631934,The Lou Brown,lou-brown,2018-10-19T13:26:55-05:00,2018-09-24T13:48:15-05:00,Boots,HBB202115E,219.00,False,1588,https://cdn.shopify.com/s/files/1/0048/2912/products/helm-boots-the-lou-brown-28560329375806.jpg?v=1627981818
1453237895230,The Lou Black,lou-black,2018-10-19T13:24:49-05:00,2018-09-24T13:46:17-05:00,Boots,HBB201115E,219.00,True,1361,https://cdn.shopify.com/s/files/1/0048/2912/products/helm-boots-the-lou-black-28565841477694.jpg?v=1628113911
703767428,The Pablo Brown,pablo-brown-moto-boot,2015-10-29T11:23:00-05:00,2015-05-28T21:31:33-05:00,Boots,H5001140115E,249.00,False,1814,https://cdn.shopify.com/s/files/1/0048/2912/products/helm-boots-the-pablo-brown-6084684087358.jpg?v=1628003572
322740301,Otter Wax Bar,otter-wax-bar,2015-10-24T22:41:00-05:00,2014-05-30T16:47:23-05:00,Boot Care,10251,13.00,True,71,https://cdn.shopify.com/s/files/1/0048/2912/products/otter-wax-boot-care-otter-wax-bar-5083586501.jpg?v=1512676499
703749892,The Pablo Black,pablo-black-moto-boot,2015-10-19T14:43:00-05:00,2015-05-28T21:25:55-05:00,Boots,H5001010115E,249.00,False,1814,https://cdn.shopify.com/s/files/1/0048/2912/products/helm-boots-the-pablo-black-28547109290046.jpg?v=1628011324
384430588,Gift Card,gift-card-1,2014-11-19T15:33:00-06:00,2014-11-19T15:26:46-06:00,Gift Card,,500.00,True,27,https://cdn.shopify.com/s/files/1/0048/2912/products/helm-gift-card-50-00-gift-card-6003039961150.jpg?v=1549304423
322741061,Otter Wax Saddle Soap Leather Cleaner,otter-wax-saddle-soap,2014-05-30T16:48:19-05:00,2014-05-30T16:50:08-05:00,Boot Care,10253,13.00,True,57,https://cdn.shopify.com/s/files/1/0048/2912/products/otter-wax-boot-care-otter-wax-saddle-soap-5166821765.jpg?v=1538515829
2532788869,Otter Wax Boot Wax - Leather Sealant,otter-wax-boot-wax,2014-05-30T16:48:00-05:00,2015-10-21T21:29:47-05:00,Boot Care,OTTRWX_006,13.00,True,57,https://cdn.shopify.com/s/files/1/0048/2912/products/otter-wax-boot-care-otter-wax-boot-wax-5167030597.jpg?v=1538515667
322739489,Otter Wax Leather Salve Conditioner,otter-wax-leather-salve,2014-05-30T16:42:00-05:00,2014-05-30T16:44:39-05:00,Boot Care,10252,13.00,True,57,https://cdn.shopify.com/s/files/1/0048/2912/products/otter-wax-boot-care-otter-wax-leather-salve-conditioner-418818261010.jpg?v=1627025190
322738057,Otter Wax Leather Oil Conditioner,otter-wax-leather-oil,2014-05-30T16:39:00-05:00,2014-05-30T16:40:54-05:00,Boot Care,10254,10.00,True,57,https://cdn.shopify.com/s/files/1/0048/2912/products/otter-wax-boot-care-otter-wax-leather-oil-conditioner-28550451200062.jpg?v=1627619699
